<?xml version="1.0" encoding="utf-8"?>
<GraphicalInterface>
  <P Name="NumRootInports">0</P>
  <P Name="NumRootOutports">0</P>
  <P Name="ParameterArgumentNames"/>
  <P Name="NumModelReferences">0</P>
  <P Name="NumTestPointedSignals">0</P>
  <P Name="NumProvidedFunctions">0</P>
  <P Name="NumRequiredFunctions">0</P>
  <P Name="NumResetEvents">0</P>
  <P Name="HasInitializeEvent">0</P>
  <P Name="HasTerminateEvent">0</P>
  <P Name="PreCompExecutionDomainType">Unset</P>
  <P Name="IsExportFunctionModel">0</P>
  <P Name="SimulinkSubDomainType">Simulink</P>
  <P Name="NumParameterArguments">0</P>
  <P Name="NumExternalFileReferences">13</P>
  <ExternalFileReference>
    <P Name="Reference">spsDCVoltageSourceLib/DC Voltage Source</P>
    <P Name="Path">$bdroot/DC Voltage Source</P>
    <P Name="SID">1</P>
    <P Name="Type">LIBRARY_BLOCK</P>
  </ExternalFileReference>
  <ExternalFileReference>
    <P Name="Reference">spsDCVoltageSourceLib/DC Voltage Source</P>
    <P Name="Path">$bdroot/DC Voltage Source1</P>
    <P Name="SID">16</P>
    <P Name="Type">LIBRARY_BLOCK</P>
  </ExternalFileReference>
  <ExternalFileReference>
    <P Name="Reference">spsMosfetLib/Mosfet</P>
    <P Name="Path">$bdroot/Mosfet</P>
    <P Name="SID">4</P>
    <P Name="Type">LIBRARY_BLOCK</P>
  </ExternalFileReference>
  <ExternalFileReference>
    <P Name="Reference">spsMosfetLib/Mosfet</P>
    <P Name="Path">$bdroot/Mosfet1</P>
    <P Name="SID">9</P>
    <P Name="Type">LIBRARY_BLOCK</P>
  </ExternalFileReference>
  <ExternalFileReference>
    <P Name="Reference">spsMosfetLib/Mosfet</P>
    <P Name="Path">$bdroot/Mosfet2</P>
    <P Name="SID">10</P>
    <P Name="Type">LIBRARY_BLOCK</P>
  </ExternalFileReference>
  <ExternalFileReference>
    <P Name="Reference">spsMosfetLib/Mosfet</P>
    <P Name="Path">$bdroot/Mosfet3</P>
    <P Name="SID">11</P>
    <P Name="Type">LIBRARY_BLOCK</P>
  </ExternalFileReference>
  <ExternalFileReference>
    <P Name="Reference">spsMosfetLib/Mosfet</P>
    <P Name="Path">$bdroot/Mosfet4</P>
    <P Name="SID">12</P>
    <P Name="Type">LIBRARY_BLOCK</P>
  </ExternalFileReference>
  <ExternalFileReference>
    <P Name="Reference">spsMosfetLib/Mosfet</P>
    <P Name="Path">$bdroot/Mosfet5</P>
    <P Name="SID">13</P>
    <P Name="Type">LIBRARY_BLOCK</P>
  </ExternalFileReference>
  <ExternalFileReference>
    <P Name="Reference">spsMosfetLib/Mosfet</P>
    <P Name="Path">$bdroot/Mosfet6</P>
    <P Name="SID">14</P>
    <P Name="Type">LIBRARY_BLOCK</P>
  </ExternalFileReference>
  <ExternalFileReference>
    <P Name="Reference">spsMosfetLib/Mosfet</P>
    <P Name="Path">$bdroot/Mosfet7</P>
    <P Name="SID">15</P>
    <P Name="Type">LIBRARY_BLOCK</P>
  </ExternalFileReference>
  <ExternalFileReference>
    <P Name="Reference">spsSeriesRLCBranchLib/Series RLC Branch</P>
    <P Name="Path">$bdroot/Series RLC Branch</P>
    <P Name="SID">5</P>
    <P Name="Type">LIBRARY_BLOCK</P>
  </ExternalFileReference>
  <ExternalFileReference>
    <P Name="Reference">spsVoltageMeasurementLib/Voltage Measurement</P>
    <P Name="Path">$bdroot/Voltage Measurement</P>
    <P Name="SID">3</P>
    <P Name="Type">LIBRARY_BLOCK</P>
  </ExternalFileReference>
  <ExternalFileReference>
    <P Name="Reference">spspowerguiLib/powergui</P>
    <P Name="Path">$bdroot/powergui</P>
    <P Name="SID">2</P>
    <P Name="Type">LIBRARY_BLOCK</P>
  </ExternalFileReference>
  <P Name="OrderedModelArguments">1</P>
</GraphicalInterface>
