<?xml version="1.0" encoding="UTF-8"?>
<sltp_graph version="1.1" packageUris="http://schema.mathworks.com/mf0/sltp_mm/R2021a_202009111111">
  <sltp.mm.core.Context type="sltp.mm.core.Context" uuid="f235eaae-d404-4cac-a42f-52a2d35d9173">
    <editorState type="sltp.mm.core.EditorState" uuid="3429ef35-ff8f-40e9-9e53-88ef0319603d">
      <panelState type="sltp.mm.core.EditorPanelState" uuid="4d0a93cc-e9a0-4489-8f2d-c729ee71b0ac"/>
    </editorState>
    <rootTask type="sltp.mm.core.Task" uuid="ffc93c2b-0886-4ad5-9c27-f414d9c08631">
      <context type="sltp.mm.core.Context" uuid="f235eaae-d404-4cac-a42f-52a2d35d9173"/>
      <explicit>false</explicit>
      <name>Default</name>
      <priority>-2147483648</priority>
      <subgraph type="sltp.mm.core.Graph" uuid="1f92f9d6-1091-4304-bc5c-117ff1ff62ad"/>
    </rootTask>
  </sltp.mm.core.Context>
</sltp_graph>