<?xml version="1.0" encoding="utf-8"?>
<System>
  <P Name="Location">[-7, -7, 1543, 823]</P>
  <P Name="SystemRect">[0.000000, 0.000000, 0.000000, 0.000000]</P>
  <P Name="Open">on</P>
  <P Name="SetExecutionDomain">off</P>
  <P Name="ExecutionDomainType">Deduce</P>
  <P Name="ReportName">simulink-default.rpt</P>
  <P Name="SIDHighWatermark">28</P>
  <P Name="SimulinkSubDomain">Simulink</P>
  <Block BlockType="Reference" Name="DC Voltage Source" SID="1">
    <P Name="Ports">[0, 0, 0, 0, 0, 1, 1]</P>
    <P Name="Position">[290, 255, 310, 290]</P>
    <P Name="ZOrder">6</P>
    <P Name="BlockRotation">270</P>
    <P Name="LibraryVersion">1.1</P>
    <P Name="SourceBlock">spsDCVoltageSourceLib/DC Voltage Source</P>
    <P Name="SourceType">DC Voltage Source</P>
    <P Name="SourceProductBaseCode">PS</P>
    <InstanceData>
      <P Name="RTWMemSecFuncInitTerm">Inherit from model</P>
      <P Name="RTWMemSecFuncExecute">Inherit from model</P>
      <P Name="RTWMemSecDataConstants">Inherit from model</P>
      <P Name="RTWMemSecDataInternal">Inherit from model</P>
      <P Name="RTWMemSecDataParameters">Inherit from model</P>
      <P Name="ContentPreviewEnabled">on</P>
      <P Name="Amplitude">100</P>
      <P Name="Measurements">None</P>
    </InstanceData>
  </Block>
  <Block BlockType="Reference" Name="DC Voltage Source1" SID="16">
    <P Name="Ports">[0, 0, 0, 0, 0, 1, 1]</P>
    <P Name="Position">[285, 540, 305, 575]</P>
    <P Name="ZOrder">5905</P>
    <P Name="BlockRotation">270</P>
    <P Name="LibraryVersion">1.1</P>
    <P Name="SourceBlock">spsDCVoltageSourceLib/DC Voltage Source</P>
    <P Name="SourceType">DC Voltage Source</P>
    <P Name="SourceProductBaseCode">PS</P>
    <InstanceData>
      <P Name="RTWMemSecFuncInitTerm">Inherit from model</P>
      <P Name="RTWMemSecFuncExecute">Inherit from model</P>
      <P Name="RTWMemSecDataConstants">Inherit from model</P>
      <P Name="RTWMemSecDataInternal">Inherit from model</P>
      <P Name="RTWMemSecDataParameters">Inherit from model</P>
      <P Name="ContentPreviewEnabled">on</P>
      <P Name="Amplitude">100</P>
      <P Name="Measurements">None</P>
    </InstanceData>
  </Block>
  <Block BlockType="Logic" Name="Logical&#xA;Operator" SID="7">
    <P Name="Ports">[2, 1]</P>
    <P Name="Position">[885, 67, 915, 98]</P>
    <P Name="ZOrder">5896</P>
    <P Name="Operator">OR</P>
    <P Name="AllPortsSameDT">off</P>
    <P Name="OutDataTypeStr">boolean</P>
  </Block>
  <Block BlockType="Logic" Name="Logical&#xA;Operator1" SID="23">
    <P Name="Ports">[2, 1]</P>
    <P Name="Position">[175, 502, 205, 533]</P>
    <P Name="ZOrder">5912</P>
    <P Name="Operator">OR</P>
    <P Name="AllPortsSameDT">off</P>
    <P Name="OutDataTypeStr">boolean</P>
  </Block>
  <Block BlockType="Logic" Name="Logical&#xA;Operator2" SID="24">
    <P Name="Ports">[2, 1]</P>
    <P Name="Position">[885, 472, 915, 503]</P>
    <P Name="ZOrder">5915</P>
    <P Name="Operator">OR</P>
    <P Name="AllPortsSameDT">off</P>
    <P Name="OutDataTypeStr">boolean</P>
  </Block>
  <Block BlockType="Reference" Name="Mosfet" SID="4">
    <P Name="Ports">[1, 0, 0, 0, 0, 1, 1]</P>
    <P Name="Position">[458, 155, 502, 215]</P>
    <P Name="ZOrder">5893</P>
    <P Name="BlockRotation">90</P>
    <P Name="NameLocation">left</P>
    <P Name="LibraryVersion">1.1</P>
    <P Name="SourceBlock">spsMosfetLib/Mosfet</P>
    <P Name="SourceType">Mosfet</P>
    <P Name="SourceProductBaseCode">PS</P>
    <InstanceData>
      <P Name="RTWMemSecFuncInitTerm">Inherit from model</P>
      <P Name="RTWMemSecFuncExecute">Inherit from model</P>
      <P Name="RTWMemSecDataConstants">Inherit from model</P>
      <P Name="RTWMemSecDataInternal">Inherit from model</P>
      <P Name="RTWMemSecDataParameters">Inherit from model</P>
      <P Name="ContentPreviewEnabled">on</P>
      <P Name="Ron">0.1</P>
      <P Name="Lon">0</P>
      <P Name="Rd">0.01</P>
      <P Name="Vfd">0</P>
      <P Name="IC">0</P>
      <P Name="Rs">1e5</P>
      <P Name="Cs">inf </P>
      <P Name="Measurements">off</P>
    </InstanceData>
  </Block>
  <Block BlockType="Reference" Name="Mosfet1" SID="9">
    <P Name="Ports">[1, 0, 0, 0, 0, 1, 1]</P>
    <P Name="Position">[608, 155, 652, 215]</P>
    <P Name="ZOrder">5898</P>
    <P Name="BlockRotation">90</P>
    <P Name="NameLocation">left</P>
    <P Name="LibraryVersion">1.1</P>
    <P Name="SourceBlock">spsMosfetLib/Mosfet</P>
    <P Name="SourceType">Mosfet</P>
    <P Name="SourceProductBaseCode">PS</P>
    <InstanceData>
      <P Name="RTWMemSecFuncInitTerm">Inherit from model</P>
      <P Name="RTWMemSecFuncExecute">Inherit from model</P>
      <P Name="RTWMemSecDataConstants">Inherit from model</P>
      <P Name="RTWMemSecDataInternal">Inherit from model</P>
      <P Name="RTWMemSecDataParameters">Inherit from model</P>
      <P Name="ContentPreviewEnabled">on</P>
      <P Name="Ron">0.1</P>
      <P Name="Lon">0</P>
      <P Name="Rd">0.01</P>
      <P Name="Vfd">0</P>
      <P Name="IC">0</P>
      <P Name="Rs">1e5</P>
      <P Name="Cs">inf </P>
      <P Name="Measurements">off</P>
    </InstanceData>
  </Block>
  <Block BlockType="Reference" Name="Mosfet2" SID="10">
    <P Name="Ports">[1, 0, 0, 0, 0, 1, 1]</P>
    <P Name="Position">[468, 315, 512, 375]</P>
    <P Name="ZOrder">5899</P>
    <P Name="BlockRotation">90</P>
    <P Name="NameLocation">left</P>
    <P Name="LibraryVersion">1.1</P>
    <P Name="SourceBlock">spsMosfetLib/Mosfet</P>
    <P Name="SourceType">Mosfet</P>
    <P Name="SourceProductBaseCode">PS</P>
    <InstanceData>
      <P Name="RTWMemSecFuncInitTerm">Inherit from model</P>
      <P Name="RTWMemSecFuncExecute">Inherit from model</P>
      <P Name="RTWMemSecDataConstants">Inherit from model</P>
      <P Name="RTWMemSecDataInternal">Inherit from model</P>
      <P Name="RTWMemSecDataParameters">Inherit from model</P>
      <P Name="ContentPreviewEnabled">on</P>
      <P Name="Ron">0.1</P>
      <P Name="Lon">0</P>
      <P Name="Rd">0.01</P>
      <P Name="Vfd">0</P>
      <P Name="IC">0</P>
      <P Name="Rs">1e5</P>
      <P Name="Cs">inf </P>
      <P Name="Measurements">off</P>
    </InstanceData>
  </Block>
  <Block BlockType="Reference" Name="Mosfet3" SID="11">
    <P Name="Ports">[1, 0, 0, 0, 0, 1, 1]</P>
    <P Name="Position">[618, 320, 662, 380]</P>
    <P Name="ZOrder">5900</P>
    <P Name="BlockRotation">90</P>
    <P Name="NameLocation">left</P>
    <P Name="LibraryVersion">1.1</P>
    <P Name="SourceBlock">spsMosfetLib/Mosfet</P>
    <P Name="SourceType">Mosfet</P>
    <P Name="SourceProductBaseCode">PS</P>
    <InstanceData>
      <P Name="RTWMemSecFuncInitTerm">Inherit from model</P>
      <P Name="RTWMemSecFuncExecute">Inherit from model</P>
      <P Name="RTWMemSecDataConstants">Inherit from model</P>
      <P Name="RTWMemSecDataInternal">Inherit from model</P>
      <P Name="RTWMemSecDataParameters">Inherit from model</P>
      <P Name="ContentPreviewEnabled">on</P>
      <P Name="Ron">0.1</P>
      <P Name="Lon">0</P>
      <P Name="Rd">0.01</P>
      <P Name="Vfd">0</P>
      <P Name="IC">0</P>
      <P Name="Rs">1e5</P>
      <P Name="Cs">inf </P>
      <P Name="Measurements">off</P>
    </InstanceData>
  </Block>
  <Block BlockType="Reference" Name="Mosfet4" SID="12">
    <P Name="Ports">[1, 0, 0, 0, 0, 1, 1]</P>
    <P Name="Position">[468, 460, 512, 520]</P>
    <P Name="ZOrder">5901</P>
    <P Name="BlockRotation">90</P>
    <P Name="NameLocation">left</P>
    <P Name="LibraryVersion">1.1</P>
    <P Name="SourceBlock">spsMosfetLib/Mosfet</P>
    <P Name="SourceType">Mosfet</P>
    <P Name="SourceProductBaseCode">PS</P>
    <InstanceData>
      <P Name="RTWMemSecFuncInitTerm">Inherit from model</P>
      <P Name="RTWMemSecFuncExecute">Inherit from model</P>
      <P Name="RTWMemSecDataConstants">Inherit from model</P>
      <P Name="RTWMemSecDataInternal">Inherit from model</P>
      <P Name="RTWMemSecDataParameters">Inherit from model</P>
      <P Name="ContentPreviewEnabled">on</P>
      <P Name="Ron">0.1</P>
      <P Name="Lon">0</P>
      <P Name="Rd">0.01</P>
      <P Name="Vfd">0</P>
      <P Name="IC">0</P>
      <P Name="Rs">1e5</P>
      <P Name="Cs">inf </P>
      <P Name="Measurements">off</P>
    </InstanceData>
  </Block>
  <Block BlockType="Reference" Name="Mosfet5" SID="13">
    <P Name="Ports">[1, 0, 0, 0, 0, 1, 1]</P>
    <P Name="Position">[618, 465, 662, 525]</P>
    <P Name="ZOrder">5902</P>
    <P Name="BlockRotation">90</P>
    <P Name="NameLocation">left</P>
    <P Name="LibraryVersion">1.1</P>
    <P Name="SourceBlock">spsMosfetLib/Mosfet</P>
    <P Name="SourceType">Mosfet</P>
    <P Name="SourceProductBaseCode">PS</P>
    <InstanceData>
      <P Name="RTWMemSecFuncInitTerm">Inherit from model</P>
      <P Name="RTWMemSecFuncExecute">Inherit from model</P>
      <P Name="RTWMemSecDataConstants">Inherit from model</P>
      <P Name="RTWMemSecDataInternal">Inherit from model</P>
      <P Name="RTWMemSecDataParameters">Inherit from model</P>
      <P Name="ContentPreviewEnabled">on</P>
      <P Name="Ron">0.1</P>
      <P Name="Lon">0</P>
      <P Name="Rd">0.01</P>
      <P Name="Vfd">0</P>
      <P Name="IC">0</P>
      <P Name="Rs">1e5</P>
      <P Name="Cs">inf </P>
      <P Name="Measurements">off</P>
    </InstanceData>
  </Block>
  <Block BlockType="Reference" Name="Mosfet6" SID="14">
    <P Name="Ports">[1, 0, 0, 0, 0, 1, 1]</P>
    <P Name="Position">[478, 595, 522, 655]</P>
    <P Name="ZOrder">5903</P>
    <P Name="BlockRotation">90</P>
    <P Name="NameLocation">left</P>
    <P Name="LibraryVersion">1.1</P>
    <P Name="SourceBlock">spsMosfetLib/Mosfet</P>
    <P Name="SourceType">Mosfet</P>
    <P Name="SourceProductBaseCode">PS</P>
    <InstanceData>
      <P Name="RTWMemSecFuncInitTerm">Inherit from model</P>
      <P Name="RTWMemSecFuncExecute">Inherit from model</P>
      <P Name="RTWMemSecDataConstants">Inherit from model</P>
      <P Name="RTWMemSecDataInternal">Inherit from model</P>
      <P Name="RTWMemSecDataParameters">Inherit from model</P>
      <P Name="ContentPreviewEnabled">on</P>
      <P Name="Ron">0.1</P>
      <P Name="Lon">0</P>
      <P Name="Rd">0.01</P>
      <P Name="Vfd">0</P>
      <P Name="IC">0</P>
      <P Name="Rs">1e5</P>
      <P Name="Cs">inf </P>
      <P Name="Measurements">off</P>
    </InstanceData>
  </Block>
  <Block BlockType="Reference" Name="Mosfet7" SID="15">
    <P Name="Ports">[1, 0, 0, 0, 0, 1, 1]</P>
    <P Name="Position">[628, 595, 672, 655]</P>
    <P Name="ZOrder">5904</P>
    <P Name="BlockRotation">90</P>
    <P Name="NameLocation">left</P>
    <P Name="LibraryVersion">1.1</P>
    <P Name="SourceBlock">spsMosfetLib/Mosfet</P>
    <P Name="SourceType">Mosfet</P>
    <P Name="SourceProductBaseCode">PS</P>
    <InstanceData>
      <P Name="RTWMemSecFuncInitTerm">Inherit from model</P>
      <P Name="RTWMemSecFuncExecute">Inherit from model</P>
      <P Name="RTWMemSecDataConstants">Inherit from model</P>
      <P Name="RTWMemSecDataInternal">Inherit from model</P>
      <P Name="RTWMemSecDataParameters">Inherit from model</P>
      <P Name="ContentPreviewEnabled">on</P>
      <P Name="Ron">0.1</P>
      <P Name="Lon">0</P>
      <P Name="Rd">0.01</P>
      <P Name="Vfd">0</P>
      <P Name="IC">0</P>
      <P Name="Rs">1e5</P>
      <P Name="Cs">inf </P>
      <P Name="Measurements">off</P>
    </InstanceData>
  </Block>
  <Block BlockType="DiscretePulseGenerator" Name="Pulse&#xA;Generator" SID="6">
    <P Name="Ports">[0, 1]</P>
    <P Name="Position">[350, 159, 380, 191]</P>
    <P Name="ZOrder">5895</P>
    <P Name="PulseType">Time based</P>
    <P Name="Period">0.02</P>
    <P Name="PulseWidth">(5/8)*100</P>
    <P Name="PhaseDelay">(0.02/8)*0</P>
  </Block>
  <Block BlockType="DiscretePulseGenerator" Name="Pulse&#xA;Generator1" SID="17">
    <P Name="Ports">[0, 1]</P>
    <P Name="Position">[740, 29, 770, 61]</P>
    <P Name="ZOrder">5906</P>
    <P Name="PulseType">Time based</P>
    <P Name="Period">0.02</P>
    <P Name="PulseWidth">(1/8)*100</P>
    <P Name="PhaseDelay">(0.02/8)*0</P>
  </Block>
  <Block BlockType="DiscretePulseGenerator" Name="Pulse&#xA;Generator10" SID="28">
    <P Name="Ports">[0, 1]</P>
    <P Name="Position">[705, 609, 735, 641]</P>
    <P Name="ZOrder">5917</P>
    <P Name="PulseType">Time based</P>
    <P Name="Period">0.02</P>
    <P Name="PulseWidth">(1/8)*100</P>
    <P Name="PhaseDelay">(0.02/8)*2</P>
  </Block>
  <Block BlockType="DiscretePulseGenerator" Name="Pulse&#xA;Generator2" SID="18">
    <P Name="Ports">[0, 1]</P>
    <P Name="Position">[740, 74, 770, 106]</P>
    <P Name="ZOrder">5907</P>
    <P Name="PulseType">Time based</P>
    <P Name="Period">0.02</P>
    <P Name="PulseWidth">(4/8)*100</P>
    <P Name="PhaseDelay">(0.02/8)*4</P>
  </Block>
  <Block BlockType="DiscretePulseGenerator" Name="Pulse&#xA;Generator3" SID="19">
    <P Name="Ports">[0, 1]</P>
    <P Name="Position">[370, 314, 400, 346]</P>
    <P Name="ZOrder">5908</P>
    <P Name="PulseType">Time based</P>
    <P Name="Period">0.02</P>
    <P Name="PulseWidth">(3/8)*100</P>
    <P Name="PhaseDelay">(0.02/8)*5</P>
  </Block>
  <Block BlockType="DiscretePulseGenerator" Name="Pulse&#xA;Generator4" SID="20">
    <P Name="Ports">[0, 1]</P>
    <P Name="Position">[740, 334, 770, 366]</P>
    <P Name="ZOrder">5909</P>
    <P Name="PulseType">Time based</P>
    <P Name="Period">0.02</P>
    <P Name="PulseWidth">(3/8)*100</P>
    <P Name="PhaseDelay">(0.02/8)*1</P>
  </Block>
  <Block BlockType="DiscretePulseGenerator" Name="Pulse&#xA;Generator5" SID="21">
    <P Name="Ports">[0, 1]</P>
    <P Name="Position">[90, 544, 120, 576]</P>
    <P Name="ZOrder">5910</P>
    <P Name="PulseType">Time based</P>
    <P Name="Period">0.02</P>
    <P Name="PulseWidth">(1/8)*100</P>
    <P Name="PhaseDelay">(0.02/8)*7</P>
  </Block>
  <Block BlockType="DiscretePulseGenerator" Name="Pulse&#xA;Generator6" SID="22">
    <P Name="Ports">[0, 1]</P>
    <P Name="Position">[90, 474, 120, 506]</P>
    <P Name="ZOrder">5911</P>
    <P Name="PulseType">Time based</P>
    <P Name="Period">0.02</P>
    <P Name="PulseWidth">(6/8)*100</P>
    <P Name="PhaseDelay">(0.02/8)*0</P>
  </Block>
  <Block BlockType="DiscretePulseGenerator" Name="Pulse&#xA;Generator7" SID="25">
    <P Name="Ports">[0, 1]</P>
    <P Name="Position">[780, 494, 810, 526]</P>
    <P Name="ZOrder">5913</P>
    <P Name="PulseType">Time based</P>
    <P Name="Period">0.02</P>
    <P Name="PulseWidth">(5/8)*100</P>
    <P Name="PhaseDelay">(0.02/8)*3</P>
  </Block>
  <Block BlockType="DiscretePulseGenerator" Name="Pulse&#xA;Generator8" SID="26">
    <P Name="Ports">[0, 1]</P>
    <P Name="Position">[780, 439, 810, 471]</P>
    <P Name="ZOrder">5914</P>
    <P Name="PulseType">Time based</P>
    <P Name="Period">0.02</P>
    <P Name="PulseWidth">(2/8)*100</P>
    <P Name="PhaseDelay">(0.02/8)*0</P>
  </Block>
  <Block BlockType="DiscretePulseGenerator" Name="Pulse&#xA;Generator9" SID="27">
    <P Name="Ports">[0, 1]</P>
    <P Name="Position">[410, 619, 440, 651]</P>
    <P Name="ZOrder">5916</P>
    <P Name="PulseType">Time based</P>
    <P Name="Period">0.02</P>
    <P Name="PulseWidth">(1/8)*100</P>
    <P Name="PhaseDelay">(0.02/8)*6</P>
  </Block>
  <Block BlockType="Scope" Name="Scope" SID="8">
    <P Name="Ports">[1]</P>
    <P Name="Position">[1245, 349, 1275, 381]</P>
    <P Name="ZOrder">5897</P>
    <P Name="ScopeSpecificationString">Simulink.scopes.TimeScopeBlockCfg(&apos;CurrentConfiguration&apos;, extmgr.ConfigurationSet(extmgr.Configuration(&apos;Core&apos;,&apos;General UI&apos;,true),extmgr.Configuration(&apos;Core&apos;,&apos;Source UI&apos;,true),extmgr.Configuration(&apos;Sources&apos;,&apos;WiredSimulink&apos;,true),extmgr.Configuration(&apos;Visuals&apos;,&apos;Time Domain&apos;,true),extmgr.Configuration(&apos;Tools&apos;,&apos;Plot Navigation&apos;,true),extmgr.Configuration(&apos;Tools&apos;,&apos;Measurements&apos;,true)),&apos;Version&apos;,&apos;2021a&apos;)</P>
    <P Name="NumInputPorts">1</P>
    <P Name="Floating">off</P>
  </Block>
  <Block BlockType="Reference" Name="Series RLC Branch" SID="5">
    <P Name="Ports">[0, 0, 0, 0, 0, 1, 1]</P>
    <P Name="Position">[981, 350, 1019, 430]</P>
    <P Name="ZOrder">5894</P>
    <P Name="BlockRotation">270</P>
    <P Name="BlockMirror">on</P>
    <P Name="NameLocation">left</P>
    <P Name="LibraryVersion">1.1</P>
    <P Name="SourceBlock">spsSeriesRLCBranchLib/Series RLC Branch</P>
    <P Name="SourceType">Series RLC Branch</P>
    <P Name="SourceProductBaseCode">PS</P>
    <InstanceData>
      <P Name="LConnTagsString">__new0</P>
      <P Name="RConnTagsString">__new0</P>
      <P Name="BranchType">R</P>
      <P Name="Resistance">100</P>
      <P Name="Inductance">1e-3</P>
      <P Name="SetiL0">off</P>
      <P Name="InitialCurrent">0</P>
      <P Name="Capacitance">1e-6</P>
      <P Name="Setx0">off</P>
      <P Name="InitialVoltage">0</P>
      <P Name="Measurements">None</P>
    </InstanceData>
  </Block>
  <Block BlockType="Reference" Name="Voltage Measurement" SID="3">
    <P Name="Ports">[0, 1, 0, 0, 0, 2]</P>
    <P Name="Position">[1120, 353, 1145, 377]</P>
    <P Name="ZOrder">26</P>
    <P Name="LibraryVersion">1.1</P>
    <P Name="UserDataPersistent">on</P>
    <P Name="SourceBlock">spsVoltageMeasurementLib/Voltage Measurement</P>
    <P Name="SourceType">Voltage Measurement</P>
    <P Name="SourceProductBaseCode">PS</P>
    <InstanceData>
      <P Name="RTWMemSecFuncInitTerm">Inherit from model</P>
      <P Name="RTWMemSecFuncExecute">Inherit from model</P>
      <P Name="RTWMemSecDataConstants">Inherit from model</P>
      <P Name="RTWMemSecDataInternal">Inherit from model</P>
      <P Name="RTWMemSecDataParameters">Inherit from model</P>
      <P Name="ContentPreviewEnabled">on</P>
      <P Name="PhasorSimulation">off</P>
      <P Name="OutputType">Complex</P>
      <P Name="PSBequivalent">0</P>
    </InstanceData>
  </Block>
  <Block BlockType="Reference" Name="powergui" SID="2">
    <P Name="Ports">[]</P>
    <P Name="Position">[1160, 135, 1241, 174]</P>
    <P Name="ZOrder">17</P>
    <P Name="Priority">1</P>
    <P Name="LibraryVersion">5</P>
    <P Name="SourceBlock">spspowerguiLib/powergui</P>
    <P Name="SourceType">PSB option menu block</P>
    <P Name="SourceProductBaseCode">PS</P>
    <InstanceData>
      <P Name="RTWMemSecFuncInitTerm">Inherit from model</P>
      <P Name="RTWMemSecFuncExecute">Inherit from model</P>
      <P Name="RTWMemSecDataConstants">Inherit from model</P>
      <P Name="RTWMemSecDataInternal">Inherit from model</P>
      <P Name="RTWMemSecDataParameters">Inherit from model</P>
      <P Name="ContentPreviewEnabled">on</P>
      <P Name="SimulationMode">Continuous</P>
      <P Name="SampleTime">50e-6</P>
      <P Name="frequency">60</P>
      <P Name="Iterations">50</P>
      <P Name="frequencyindice">60</P>
      <P Name="Pbase">100e6</P>
      <P Name="ErrMax">1e-4</P>
      <P Name="UnitsV">kV</P>
      <P Name="UnitsW">MW</P>
      <P Name="buscounter">0</P>
      <P Name="FunctionMessages">off</P>
      <P Name="echomessages">off</P>
      <P Name="EnableUseOfTLC">off</P>
      <P Name="CurrentSourceSwitches">off</P>
      <P Name="DisableSnubberDevices">off</P>
      <P Name="DisableRonSwitches">off</P>
      <P Name="DisableVfSwitches">off</P>
      <P Name="DisplayEquations">off</P>
      <P Name="AutomaticDiscreteSolvers">off</P>
      <P Name="SolverType">Tustin/Backward Euler (TBE)</P>
      <P Name="Interpol">off</P>
      <P Name="ExternalGateDelay">off</P>
      <P Name="methode">off</P>
      <P Name="Ts">100</P>
      <P Name="x0status">blocks</P>
      <P Name="SPID">on</P>
      <P Name="SwTol">0</P>
      <P Name="HookPort">off</P>
      <P Name="NonlinearTolerance">1e-4</P>
      <P Name="nMaxIteration">100</P>
      <P Name="ContinueOnMaxIteration">off</P>
      <P Name="RestoreLinks">warning</P>
      <P Name="ResistiveCurrentMeasurement">off</P>
      <P Name="Frange">[0:2:500]</P>
      <P Name="Ylog">off</P>
      <P Name="Xlog">on</P>
      <P Name="ShowGrid">off</P>
      <P Name="save">off</P>
      <P Name="variable">ZData</P>
      <P Name="structure">0</P>
      <P Name="ZoomFFT">off</P>
      <P Name="StartTime">0.0</P>
      <P Name="cycles">1</P>
      <P Name="DisplayStyle">1</P>
      <P Name="fundamental">60</P>
      <P Name="FreqAxis">off</P>
      <P Name="MaxFrequency">1000</P>
      <P Name="frequencyindicesteady">1</P>
      <P Name="RmsSteady">1</P>
      <P Name="display">off</P>
    </InstanceData>
  </Block>
  <Line LineType="Connection">
    <P Name="ZOrder">1</P>
    <P Name="Src">4#rconn:1</P>
    <P Name="Points">[0, 38]</P>
    <Branch ConnectType="DEST_DEST">
      <P Name="Points">[1000, 268; -520, 0]</P>
      <Branch ConnectType="SRC_DEST">
        <P Name="Src">3#lconn:1</P>
        <P Name="Points">[0, -92; -105, 0]</P>
      </Branch>
      <Branch ConnectType="SRC_DEST">
        <P Name="Src">5#lconn:1</P>
        <P Name="Points">[0, -67; 0, 0]</P>
      </Branch>
    </Branch>
    <Branch ConnectType="DEST_SRC">
      <P Name="Dst">10#lconn:1</P>
    </Branch>
  </Line>
  <Line LineType="Connection">
    <P Name="ZOrder">3</P>
    <P Name="Src">10#rconn:1</P>
    <P Name="Points">[0, 5]</P>
    <Branch ConnectType="DEST_DEST">
      <P Name="Src">1#lconn:1</P>
      <P Name="Points">[0, 90; 190, 0]</P>
    </Branch>
    <Branch ConnectType="DEST_SRC">
      <P Name="Dst">11#rconn:1</P>
    </Branch>
  </Line>
  <Line LineType="Connection">
    <P Name="ZOrder">4</P>
    <P Name="Src">1#rconn:1</P>
    <P Name="Points">[0, -117; 170, 0]</P>
    <Branch ConnectType="DEST_DEST">
      <P Name="Src">4#lconn:1</P>
      <P Name="Points">[0, -17]</P>
    </Branch>
    <Branch ConnectType="DEST_SRC">
      <P Name="Points">[150, 0]</P>
      <P Name="Dst">9#lconn:1</P>
    </Branch>
  </Line>
  <Line LineType="Connection">
    <P Name="ZOrder">2</P>
    <P Name="Src">9#rconn:1</P>
    <P Name="Points">[0, 56]</P>
    <Branch ConnectType="DEST_SRC">
      <P Name="Points">[-65, 0; 0, 274; -75, 0]</P>
      <Branch ConnectType="DEST_SRC">
        <P Name="Dst">14#lconn:1</P>
      </Branch>
      <Branch ConnectType="DEST_DEST">
        <P Name="Src">12#rconn:1</P>
        <P Name="Points">[0, 25]</P>
      </Branch>
    </Branch>
    <Branch ConnectType="DEST_SRC">
      <P Name="Dst">11#lconn:1</P>
    </Branch>
  </Line>
  <Line LineType="Connection">
    <P Name="ZOrder">11</P>
    <P Name="Src">13#rconn:1</P>
    <P Name="Points">[0, 20]</P>
    <Branch ConnectType="DEST_DEST">
      <P Name="Points">[1000, 560; -360, 0]</P>
      <Branch ConnectType="SRC_DEST">
        <P Name="Src">3#lconn:2</P>
        <P Name="Points">[0, 214; -105, 0; 0, -24]</P>
      </Branch>
      <Branch ConnectType="SRC_DEST">
        <P Name="Src">5#rconn:1</P>
        <P Name="Points">[0, 115; 0, 0]</P>
      </Branch>
    </Branch>
    <Branch ConnectType="DEST_SRC">
      <P Name="Dst">15#lconn:1</P>
    </Branch>
  </Line>
  <Line LineType="Connection">
    <P Name="ZOrder">12</P>
    <P Name="Src">16#rconn:1</P>
    <P Name="Points">[0, -92; 185, 0]</P>
    <Branch ConnectType="DEST_DEST">
      <P Name="Src">12#lconn:1</P>
      <P Name="Points">[0, -12]</P>
    </Branch>
    <Branch ConnectType="DEST_SRC">
      <P Name="Points">[150, 0]</P>
      <P Name="Dst">13#lconn:1</P>
    </Branch>
  </Line>
  <Line LineType="Connection">
    <P Name="ZOrder">15</P>
    <P Name="Src">16#lconn:1</P>
    <P Name="Points">[0, 97; 205, 0]</P>
    <Branch ConnectType="DEST_DEST">
      <P Name="Src">14#rconn:1</P>
      <P Name="Points">[0, 17]</P>
    </Branch>
    <Branch ConnectType="DEST_SRC">
      <P Name="Points">[150, 0]</P>
      <P Name="Dst">15#rconn:1</P>
    </Branch>
  </Line>
  <Line>
    <P Name="ZOrder">25</P>
    <P Name="Src">6#out:1</P>
    <P Name="Points">[24, 0; 0, -98; 81, 0]</P>
    <P Name="Dst">4#in:1</P>
  </Line>
  <Line>
    <P Name="ZOrder">26</P>
    <P Name="Src">17#out:1</P>
    <P Name="Points">[70, 0; 0, 30]</P>
    <P Name="Dst">7#in:1</P>
  </Line>
  <Line>
    <P Name="ZOrder">27</P>
    <P Name="Src">18#out:1</P>
    <P Name="Dst">7#in:2</P>
  </Line>
  <Line>
    <P Name="ZOrder">28</P>
    <P Name="Src">7#out:1</P>
    <P Name="Points">[19, 0; 0, 41; -299, 0]</P>
    <P Name="Dst">9#in:1</P>
  </Line>
  <Line>
    <P Name="ZOrder">29</P>
    <P Name="Src">19#out:1</P>
    <P Name="Points">[29, 0; 0, -37; 66, 0]</P>
    <P Name="Dst">10#in:1</P>
  </Line>
  <Line>
    <P Name="ZOrder">30</P>
    <P Name="Src">20#out:1</P>
    <P Name="Points">[19, 0; 0, -57; -144, 0]</P>
    <P Name="Dst">11#in:1</P>
  </Line>
  <Line>
    <P Name="ZOrder">31</P>
    <P Name="Src">22#out:1</P>
    <P Name="Points">[23, 0; 0, 20]</P>
    <P Name="Dst">23#in:1</P>
  </Line>
  <Line>
    <P Name="ZOrder">32</P>
    <P Name="Src">21#out:1</P>
    <P Name="Points">[23, 0; 0, -35]</P>
    <P Name="Dst">23#in:2</P>
  </Line>
  <Line>
    <P Name="ZOrder">33</P>
    <P Name="Src">23#out:1</P>
    <P Name="Points">[171, 0; 0, -106; 119, 0]</P>
    <P Name="Dst">12#in:1</P>
  </Line>
  <Line>
    <P Name="ZOrder">34</P>
    <P Name="Src">26#out:1</P>
    <P Name="Points">[33, 0; 0, 25]</P>
    <P Name="Dst">24#in:1</P>
  </Line>
  <Line>
    <P Name="ZOrder">35</P>
    <P Name="Src">25#out:1</P>
    <P Name="Points">[33, 0; 0, -15]</P>
    <P Name="Dst">24#in:2</P>
  </Line>
  <Line>
    <P Name="ZOrder">37</P>
    <P Name="Src">24#out:1</P>
    <P Name="Points">[19, 0; 0, -66; -289, 0]</P>
    <P Name="Dst">13#in:1</P>
  </Line>
  <Line>
    <P Name="ZOrder">38</P>
    <P Name="Src">27#out:1</P>
    <P Name="Points">[14, 0; 0, -57; 51, 0]</P>
    <P Name="Dst">14#in:1</P>
  </Line>
  <Line>
    <P Name="ZOrder">39</P>
    <P Name="Src">28#out:1</P>
    <P Name="Points">[19, 0; 0, -47; -99, 0]</P>
    <P Name="Dst">15#in:1</P>
  </Line>
  <Line>
    <P Name="ZOrder">44</P>
    <P Name="Src">3#out:1</P>
    <P Name="Dst">8#in:1</P>
  </Line>
</System>
